<?xml version="1.0" encoding="UTF-8"?>
<GenRun Id="synth_1" LaunchPart="xc7a100tcsg324-1" LaunchTime="1613155460">
  <File Type="PA-TCL" Name="Nbitdec.tcl"/>
  <File Type="RDS-PROPCONSTRS" Name="Nbitdec_drc_synth.rpt"/>
  <File Type="REPORTS-TCL" Name="Nbitdec_reports.tcl"/>
  <File Type="RDS-RDS" Name="Nbitdec.vds"/>
  <File Type="RDS-UTIL" Name="Nbitdec_utilization_synth.rpt"/>
  <File Type="RDS-UTIL-PB" Name="Nbitdec_utilization_synth.pb"/>
  <File Type="RDS-DCP" Name="Nbitdec.dcp"/>
  <File Type="VDS-TIMINGSUMMARY" Name="Nbitdec_timing_summary_synth.rpt"/>
  <File Type="VDS-TIMING-PB" Name="Nbitdec_timing_summary_synth.pb"/>
  <FileSet Name="sources" Type="DesignSrcs" RelSrcDir="$PSRCDIR/sources_1">
    <Filter Type="Srcs"/>
    <File Path="$PSRCDIR/sources_1/new/dec2x4.vhd">
      <FileInfo>
        <Attr Name="UsedIn" Val="synthesis"/>
        <Attr Name="UsedIn" Val="simulation"/>
      </FileInfo>
    </File>
    <File Path="$PSRCDIR/sources_1/new/Nbitdec.vhd">
      <FileInfo>
        <Attr Name="UsedIn" Val="synthesis"/>
        <Attr Name="UsedIn" Val="simulation"/>
      </FileInfo>
    </File>
    <Config>
      <Option Name="DesignMode" Val="RTL"/>
      <Option Name="TopModule" Val="Nbitdec"/>
      <Option Name="TopAutoSet" Val="TRUE"/>
    </Config>
  </FileSet>
  <FileSet Name="constrs_in" Type="Constrs" RelSrcDir="$PSRCDIR/constrs_1">
    <Filter Type="Constrs"/>
    <Config>
      <Option Name="ConstrsType" Val="XDC"/>
    </Config>
  </FileSet>
  <FileSet Name="utils" Type="Utils" RelSrcDir="$PSRCDIR/utils_1">
    <Filter Type="Utils"/>
    <Config>
      <Option Name="TopAutoSet" Val="TRUE"/>
    </Config>
  </FileSet>
  <Strategy Version="1" Minor="2">
    <StratHandle Name="Vivado Synthesis Defaults" Flow="Vivado Synthesis 2019">
      <Desc>Vivado Synthesis Defaults</Desc>
    </StratHandle>
    <Step Id="synth_design"/>
  </Strategy>
</GenRun>
