  V_V2                 , (I(M1:d))@1          , (I(M1:d))@2          , (I(M1:d))@3          , (I(M1:d))@4          , (I(M1:d))@5          , (I(M1:d))@6          , (I(M1:d))@7          , (VG(M1))@1           , (VG(M1))@2           , (VG(M1))@3           , (VG(M1))@4           , (VG(M1))@5           , (VG(M1))@6           , (VG(M1))@7           , (VD(M1))@1           , (VD(M1))@2           , (VD(M1))@3           , (VD(M1))@4           , (VD(M1))@5           , (VD(M1))@6           , (VD(M1))@7           , (VS(M1))@1           , (VS(M1))@2           , (VS(M1))@3           , (VS(M1))@4           , (VS(M1))@5           , (VS(M1))@6           , (VS(M1))@7           
  0.000000000000e+000  ,-4.463949211145e-014  ,-8.648901595778e-014  ,-1.283385398041e-013  ,-1.701880636505e-013  ,-2.120527753478e-013  ,0.000000000000e+000  ,0.000000000000e+000  ,1.500000000000e+000  ,2.250000000000e+000  ,3.000000000000e+000  ,3.750000000000e+000  ,4.500000000000e+000  ,5.250000000000e+000  ,6.000000000000e+000  ,-7.678885647392e-024  ,-4.349968358006e-024  ,-3.030841463183e-024  ,-2.330484440640e-024  ,-1.890236946654e-024  ,0.000000000000e+000  ,0.000000000000e+000  ,2.450037888548e-024  ,1.386981554447e-024  ,9.693522803356e-025  ,7.415544944567e-025  ,6.009984138081e-025  ,0.000000000000e+000  ,0.000000000000e+000  
  1.000000000000e+000  ,1.180209240640e-003  ,1.413545584649e-003  ,1.482332894048e-003  ,1.515585435546e-003  ,1.535281891785e-003  ,1.548328787768e-003  ,1.557613284588e-003  ,1.500000000000e+000  ,2.250000000000e+000  ,3.000000000000e+000  ,3.750000000000e+000  ,4.500000000000e+000  ,5.250000000000e+000  ,6.000000000000e+000  ,4.452951631162e-001  ,3.352736736906e-001  ,3.032300417565e-001  ,2.876511524313e-001  ,2.784076892707e-001  ,2.722806935274e-001  ,2.679191622429e-001  ,1.770334585799e-001  ,2.121466998860e-001  ,2.223733909288e-001  ,2.273453768836e-001  ,2.302954183178e-001  ,2.322508424913e-001  ,2.336428205608e-001  
  2.000000000000e+000  ,1.493240894681e-003  ,2.730011883077e-003  ,2.927976556693e-003  ,3.012290640133e-003  ,3.059031797858e-003  ,3.088875817131e-003  ,3.109619217407e-003  ,1.500000000000e+000  ,2.250000000000e+000  ,3.000000000000e+000  ,3.750000000000e+000  ,4.500000000000e+000  ,5.250000000000e+000  ,6.000000000000e+000  ,1.298223581523e+000  ,7.168935958485e-001  ,6.233617468455e-001  ,5.840868353928e-001  ,5.622028275487e-001  ,5.482042420200e-001  ,5.384663255931e-001  ,2.239711973861e-001  ,4.095020438781e-001  ,4.393526339855e-001  ,4.518871801938e-001  ,4.588714380164e-001  ,4.633390716957e-001  ,4.664469173639e-001  
  3.000000000000e+000  ,1.493142792824e-003  ,3.803572265177e-003  ,4.317090701098e-003  ,4.483766640560e-003  ,4.568409708072e-003  ,4.620123730205e-003  ,4.655111332423e-003  ,1.500000000000e+000  ,2.250000000000e+000  ,3.000000000000e+000  ,3.750000000000e+000  ,4.500000000000e+000  ,5.250000000000e+000  ,6.000000000000e+000  ,2.298223580820e+000  ,1.212273286927e+000  ,9.698053871703e-001  ,8.923825991230e-001  ,8.527653565386e-001  ,8.285070717420e-001  ,8.120804856198e-001  ,2.239711976106e-001  ,5.705510786403e-001  ,6.479344509031e-001  ,6.726438513437e-001  ,6.852876521685e-001  ,6.930296579547e-001  ,6.982721854405e-001  
  4.000000000000e+000  ,1.493044694191e-003  ,4.026935184841e-003  ,5.612042572057e-003  ,5.919351367842e-003  ,6.059224399376e-003  ,6.139994961793e-003  ,6.192908764041e-003  ,1.500000000000e+000  ,2.250000000000e+000  ,3.000000000000e+000  ,3.750000000000e+000  ,4.500000000000e+000  ,5.250000000000e+000  ,6.000000000000e+000  ,3.298223580969e+000  ,2.107372683467e+000  ,1.362339366494e+000  ,1.217419005625e+000  ,1.152029686320e+000  ,1.114150841170e+000  ,1.089309070443e+000  ,2.239711975631e-001  ,6.040299946381e-001  ,8.418065851616e-001  ,8.880577641622e-001  ,9.089266958554e-001  ,9.210156889882e-001  ,9.289439136885e-001  
  5.000000000000e+000  ,1.492946598780e-003  ,4.026866920680e-003  ,6.686880367103e-003  ,7.300633306145e-003  ,7.525417835254e-003  ,7.645744250011e-003  ,7.721533930003e-003  ,1.500000000000e+000  ,2.250000000000e+000  ,3.000000000000e+000  ,3.750000000000e+000  ,4.500000000000e+000  ,5.250000000000e+000  ,6.000000000000e+000  ,4.298223581970e+000  ,3.107372789632e+000  ,1.857143044841e+000  ,1.567624701120e+000  ,1.462818901877e+000  ,1.406421222220e+000  ,1.370845325924e+000  ,2.239711972436e-001  ,6.040299607556e-001  ,1.003039453774e+000  ,1.095438925174e+000  ,1.128887584507e+000  ,1.146886843972e+000  ,1.158240853428e+000  
  6.000000000000e+000  ,1.492848506591e-003  ,4.026798657097e-003  ,7.011665105690e-003  ,8.590535294575e-003  ,8.957623868790e-003  ,9.133589015330e-003  ,9.239080606907e-003  ,1.500000000000e+000  ,2.250000000000e+000  ,3.000000000000e+000  ,3.750000000000e+000  ,4.500000000000e+000  ,5.250000000000e+000  ,6.000000000000e+000  ,5.298223583823e+000  ,4.107372683053e+000  ,2.704532487208e+000  ,1.959581180278e+000  ,1.789476405528e+000  ,1.707087051635e+000  ,1.657583096008e+000  ,2.239711966522e-001  ,6.040299947702e-001  ,1.051744950891e+000  ,1.289495367996e+000  ,1.343784125895e+000  ,1.370078600542e+000  ,1.385877735317e+000  
  7.000000000000e+000  ,1.492750417626e-003  ,4.026730394093e-003  ,7.011634060683e-003  ,9.713768938384e-003  ,1.034020309599e-002  ,1.059812240632e-002  ,1.074303586174e-002  ,1.500000000000e+000  ,2.250000000000e+000  ,3.000000000000e+000  ,3.750000000000e+000  ,4.500000000000e+000  ,5.250000000000e+000  ,6.000000000000e+000  ,6.298223586528e+000  ,5.107372683026e+000  ,3.704532781094e+000  ,2.434519494749e+000  ,2.139188843352e+000  ,2.018670595455e+000  ,1.950699702758e+000  ,2.239711957889e-001  ,6.040299947791e-001  ,1.051744857098e+000  ,1.457068246357e+000  ,1.551322709569e+000  ,1.589785980174e+000  ,1.611478818269e+000  
  8.000000000000e+000  ,1.492652331883e-003  ,4.026662131668e-003  ,7.011603015744e-003  ,1.026487438253e-002  ,1.164379969985e-002  ,1.203123763907e-002  ,1.222999919368e-002  ,1.500000000000e+000  ,2.250000000000e+000  ,3.000000000000e+000  ,3.750000000000e+000  ,4.500000000000e+000  ,5.250000000000e+000  ,6.000000000000e+000  ,7.298223590086e+000  ,6.107372683117e+000  ,4.704532486857e+000  ,3.175628204966e+000  ,2.525199888985e+000  ,2.344938318332e+000  ,2.251786249082e+000  ,2.239711946535e-001  ,6.040299947498e-001  ,1.051744951003e+000  ,1.539693126075e+000  ,1.747276631175e+000  ,1.804806919681e+000  ,1.834536303484e+000  
  9.000000000000e+000  ,1.492554249362e-003  ,4.026593869821e-003  ,7.011571970874e-003  ,1.026462830387e-002  ,1.281548033921e-002  ,1.341996045027e-002  ,1.369521734996e-002  ,1.500000000000e+000  ,2.250000000000e+000  ,3.000000000000e+000  ,3.750000000000e+000  ,4.500000000000e+000  ,5.250000000000e+000  ,6.000000000000e+000  ,8.298223594495e+000  ,7.107372683328e+000  ,5.704532486699e+000  ,4.175628204569e+000  ,2.976721785464e+000  ,2.691874742968e+000  ,2.563062338439e+000  ,2.239711932462e-001  ,6.040299946824e-001  ,1.051744951053e+000  ,1.539693126201e+000  ,1.922322834426e+000  ,2.013231465010e+000  ,2.054341806881e+000  
  1.000000000000e+001  ,1.492456170065e-003  ,4.026525608553e-003  ,7.011540926073e-003  ,1.026438222816e-002  ,1.364071541850e-002  ,1.474144973886e-002  ,1.513176480340e-002  ,1.500000000000e+000  ,2.250000000000e+000  ,3.000000000000e+000  ,3.750000000000e+000  ,4.500000000000e+000  ,5.250000000000e+000  ,6.000000000000e+000  ,9.298223599757e+000  ,8.107372683659e+000  ,6.704532486554e+000  ,5.175628204629e+000  ,3.588719339920e+000  ,3.069869814650e+000  ,2.887751403678e+000  ,2.239711915669e-001  ,6.040299945770e-001  ,1.051744951100e+000  ,1.539693126182e+000  ,2.046153402153e+000  ,2.211743676176e+000  ,2.269866573294e+000  
  1.100000000000e+001  ,1.492358093990e-003  ,4.026457347864e-003  ,7.011509881341e-003  ,1.026413615540e-002  ,1.370080299289e-002  ,1.594877079385e-002  ,1.652897790269e-002  ,1.500000000000e+000  ,2.250000000000e+000  ,3.000000000000e+000  ,3.750000000000e+000  ,4.500000000000e+000  ,5.250000000000e+000  ,6.000000000000e+000  ,1.029822360587e+001  ,9.107372684109e+000  ,7.704532486421e+000  ,6.175628205145e+000  ,4.560634089244e+000  ,3.499648418621e+000  ,3.230788931395e+000  ,2.239711896155e-001  ,6.040299944333e-001  ,1.051744951142e+000  ,1.539693126018e+000  ,2.055116780029e+000  ,2.393729228100e+000  ,2.479535447427e+000  
  1.200000000000e+001  ,1.492260021138e-003  ,4.026389087753e-003  ,7.011478836677e-003  ,1.026389008559e-002  ,1.370103226975e-002  ,1.694737780521e-002  ,1.786910799320e-002  ,1.500000000000e+000  ,2.250000000000e+000  ,3.000000000000e+000  ,3.750000000000e+000  ,4.500000000000e+000  ,5.250000000000e+000  ,6.000000000000e+000  ,1.129822361284e+001  ,1.010737268468e+001  ,8.704532486299e+000  ,7.175628206117e+000  ,5.560634089267e+000  ,4.034710375376e+000  ,3.600304823501e+000  ,2.239711873921e-001  ,6.040299942516e-001  ,1.051744951181e+000  ,1.539693125707e+000  ,2.055116780021e+000  ,2.542113709986e+000  ,2.680753779734e+000  
  1.300000000000e+001  ,1.492161951508e-003  ,4.026320828221e-003  ,7.011447792082e-003  ,1.026364401873e-002  ,1.370126154852e-002  ,1.727231109656e-002  ,1.911887416533e-002  ,1.500000000000e+000  ,2.250000000000e+000  ,3.000000000000e+000  ,3.750000000000e+000  ,4.500000000000e+000  ,5.250000000000e+000  ,6.000000000000e+000  ,1.229822362066e+001  ,1.110737268537e+001  ,9.704532486190e+000  ,8.175628207545e+000  ,6.560634089558e+000  ,4.882019333279e+000  ,4.011228249656e+000  ,2.239711848967e-001  ,6.040299940318e-001  ,1.051744951216e+000  ,1.539693125252e+000  ,2.055116779928e+000  ,2.590844893634e+000  ,2.868756941599e+000  
  1.400000000000e+001  ,1.492063885101e-003  ,4.026252569267e-003  ,7.011416747556e-003  ,1.026339795482e-002  ,1.370149082921e-002  ,1.727229994597e-002  ,2.022029751460e-002  ,1.500000000000e+000  ,2.250000000000e+000  ,3.000000000000e+000  ,3.750000000000e+000  ,4.500000000000e+000  ,5.250000000000e+000  ,6.000000000000e+000  ,1.329822362933e+001  ,1.210737268618e+001  ,1.070453248609e+001  ,9.175628209430e+000  ,7.560634090119e+000  ,5.882019449510e+000  ,4.496456581599e+000  ,2.239711821292e-001  ,6.040299937738e-001  ,1.051744951247e+000  ,1.539693124650e+000  ,2.055116779749e+000  ,2.590844856539e+000  ,3.033045771830e+000  
  1.500000000000e+001  ,1.491965821917e-003  ,4.026184310892e-003  ,7.011385703098e-003  ,1.026315189386e-002  ,1.370172011182e-002  ,1.727228879539e-002  ,2.092739301814e-002  ,1.500000000000e+000  ,2.250000000000e+000  ,3.000000000000e+000  ,3.750000000000e+000  ,4.500000000000e+000  ,5.250000000000e+000  ,6.000000000000e+000  ,1.429822363885e+001  ,1.310737268710e+001  ,1.170453248601e+001  ,1.017562821177e+001  ,8.560634090948e+000  ,6.882019333021e+000  ,5.163910408196e+000  ,2.239711790897e-001  ,6.040299934777e-001  ,1.051744951274e+000  ,1.539693123903e+000  ,2.055116779485e+000  ,2.590844893717e+000  ,3.139177529299e+000  
  1.600000000000e+001  ,1.491867761956e-003  ,4.026116053096e-003  ,7.011354658710e-003  ,1.026290583584e-002  ,1.370194939635e-002  ,1.727227764481e-002  ,2.094915027071e-002  ,1.500000000000e+000  ,2.250000000000e+000  ,3.000000000000e+000  ,3.750000000000e+000  ,4.500000000000e+000  ,5.250000000000e+000  ,6.000000000000e+000  ,1.529822364923e+001  ,1.410737268815e+001  ,1.270453248593e+001  ,1.117562821457e+001  ,9.560634092045e+000  ,7.882019332893e+000  ,6.153906977000e+000  ,2.239711757781e-001  ,6.040299931435e-001  ,1.051744951298e+000  ,1.539693123010e+000  ,2.055116779134e+000  ,2.590844893757e+000  ,3.142370113723e+000  
  1.700000000000e+001  ,1.491769705217e-003  ,4.026047795878e-003  ,7.011323614390e-003  ,1.026265978078e-002  ,1.370217868280e-002  ,1.727226649423e-002  ,2.094917197628e-002  ,1.500000000000e+000  ,2.250000000000e+000  ,3.000000000000e+000  ,3.750000000000e+000  ,4.500000000000e+000  ,5.250000000000e+000  ,6.000000000000e+000  ,1.629822366046e+001  ,1.510737268932e+001  ,1.370453248587e+001  ,1.217562821782e+001  ,1.056063409341e+001  ,8.882019332765e+000  ,7.153905033456e+000  ,2.239711721944e-001  ,6.040299927712e-001  ,1.051744951317e+000  ,1.539693121972e+000  ,2.055116778698e+000  ,2.590844893798e+000  ,3.142370734003e+000  
  1.800000000000e+001  ,1.491671651701e-003  ,4.025979539239e-003  ,7.011292570138e-003  ,1.026241372867e-002  ,1.370240797116e-002  ,1.727225534366e-002  ,2.094919368185e-002  ,1.500000000000e+000  ,2.250000000000e+000  ,3.000000000000e+000  ,3.750000000000e+000  ,4.500000000000e+000  ,5.250000000000e+000  ,6.000000000000e+000  ,1.729822367254e+001  ,1.610737269060e+001  ,1.470453248582e+001  ,1.317562822153e+001  ,1.156063409505e+001  ,9.882019332638e+000  ,8.153905033339e+000  ,2.239711683386e-001  ,6.040299923607e-001  ,1.051744951333e+000  ,1.539693120788e+000  ,2.055116778177e+000  ,2.590844893839e+000  ,3.142370734041e+000  
  1.900000000000e+001  ,1.493141506558e-003  ,4.025911283179e-003  ,7.011261525956e-003  ,1.026216767951e-002  ,1.370263726145e-002  ,1.727224419310e-002  ,2.094921538744e-002  ,1.500000000000e+000  ,2.250000000000e+000  ,3.000000000000e+000  ,3.750000000000e+000  ,4.500000000000e+000  ,5.250000000000e+000  ,6.000000000000e+000  ,1.829822357659e+001  ,1.710737269201e+001  ,1.570453248579e+001  ,1.417562822570e+001  ,1.256063409695e+001  ,1.088201933251e+001  ,9.153905033223e+000  ,2.239711989607e-001  ,6.040299919121e-001  ,1.051744951345e+000  ,1.539693119459e+000  ,2.055116777569e+000  ,2.590844893879e+000  ,3.142370734078e+000  
  2.000000000000e+001  ,1.494612085236e-003  ,4.025843027697e-003  ,7.011230481842e-003  ,1.026192163330e-002  ,1.370286655365e-002  ,1.727223304253e-002  ,2.094923709304e-002  ,1.500000000000e+000  ,2.250000000000e+000  ,3.000000000000e+000  ,3.750000000000e+000  ,4.500000000000e+000  ,5.250000000000e+000  ,6.000000000000e+000  ,1.929822367202e+001  ,1.810737269353e+001  ,1.670453248576e+001  ,1.517562823032e+001  ,1.356063409912e+001  ,1.188201933238e+001  ,1.015390503311e+001  ,2.239711685056e-001  ,6.040299914254e-001  ,1.051744951353e+000  ,1.539693117984e+000  ,2.055116776876e+000  ,2.590844893920e+000  ,3.142370734115e+000  
  2.100000000000e+001  ,1.493141960615e-003  ,4.025774772794e-003  ,7.011199437797e-003  ,1.026167559003e-002  ,1.370309584777e-002  ,1.727222189197e-002  ,2.094925879865e-002  ,1.500000000000e+000  ,2.250000000000e+000  ,3.000000000000e+000  ,3.750000000000e+000  ,4.500000000000e+000  ,5.250000000000e+000  ,6.000000000000e+000  ,2.029822357606e+001  ,1.910737269518e+001  ,1.770453248575e+001  ,1.617562823540e+001  ,1.456063410156e+001  ,1.288201933226e+001  ,1.115390503299e+001  ,2.239711991295e-001  ,6.040299909006e-001  ,1.051744951357e+000  ,1.539693116363e+000  ,2.055116776097e+000  ,2.590844893960e+000  ,3.142370734151e+000  
  2.200000000000e+001  ,1.491672559370e-003  ,4.025706518469e-003  ,7.011168393821e-003  ,1.026142954972e-002  ,1.370332514381e-002  ,1.727221074141e-002  ,2.094928050427e-002  ,1.500000000000e+000  ,2.250000000000e+000  ,3.000000000000e+000  ,3.750000000000e+000  ,4.500000000000e+000  ,5.250000000000e+000  ,6.000000000000e+000  ,2.129822367136e+001  ,2.010737269694e+001  ,1.870453248575e+001  ,1.717562824093e+001  ,1.556063410427e+001  ,1.388201933213e+001  ,1.215390503288e+001  ,2.239711687138e-001  ,6.040299903376e-001  ,1.051744951357e+000  ,1.539693114596e+000  ,2.055116775232e+000  ,2.590844894000e+000  ,3.142370734186e+000  
  2.300000000000e+001  ,1.493141961545e-003  ,4.025638264723e-003  ,7.011137349913e-003  ,1.026118351236e-002  ,1.370355444177e-002  ,1.727219959086e-002  ,2.094930220990e-002  ,1.500000000000e+000  ,2.250000000000e+000  ,3.000000000000e+000  ,3.750000000000e+000  ,4.500000000000e+000  ,5.250000000000e+000  ,6.000000000000e+000  ,2.229822357553e+001  ,2.110737269883e+001  ,1.970453248576e+001  ,1.817562824692e+001  ,1.656063410725e+001  ,1.488201933201e+001  ,1.315390503277e+001  ,2.239711992982e-001  ,6.040299897366e-001  ,1.051744951354e+000  ,1.539693112684e+000  ,2.055116774281e+000  ,2.590844894040e+000  ,3.142370734222e+000  
  2.400000000000e+001  ,1.494612087094e-003  ,4.025570011556e-003  ,7.011106306074e-003  ,1.026093747794e-002  ,1.370378374164e-002  ,1.727218844031e-002  ,2.094932391555e-002  ,1.500000000000e+000  ,2.250000000000e+000  ,3.000000000000e+000  ,3.750000000000e+000  ,4.500000000000e+000  ,5.250000000000e+000  ,6.000000000000e+000  ,2.329822367096e+001  ,2.210737270083e+001  ,2.070453248578e+001  ,1.917562825337e+001  ,1.756063411050e+001  ,1.588201933188e+001  ,1.415390503266e+001  ,2.239711688431e-001  ,6.040299890974e-001  ,1.051744951346e+000  ,1.539693110627e+000  ,2.055116773245e+000  ,2.590844894080e+000  ,3.142370734257e+000  
  2.500000000000e+001  ,1.493141962670e-003  ,4.025501758967e-003  ,7.011075262304e-003  ,1.026069144648e-002  ,1.370401304344e-002  ,1.727217728977e-002  ,2.094934562120e-002  ,1.500000000000e+000  ,2.250000000000e+000  ,3.000000000000e+000  ,3.750000000000e+000  ,4.500000000000e+000  ,5.250000000000e+000  ,6.000000000000e+000  ,2.429822357500e+001  ,2.310737270295e+001  ,2.170453248582e+001  ,2.017562826027e+001  ,1.856063411401e+001  ,1.688201933176e+001  ,1.515390503255e+001  ,2.239711994670e-001  ,6.040299884200e-001  ,1.051744951335e+000  ,1.539693108423e+000  ,2.055116772123e+000  ,2.590844894119e+000  ,3.142370734291e+000  
